[{"projectStatus":{"status":"ERROR","conditions":[{"status":"ERROR","metricKey":"new_security_rating","comparator":"GT","periodIndex":1,"errorThreshold":"1","actualValue":"2"},{"status":"ERROR","metricKey":"new_reliability_rating","comparator":"GT","periodIndex":1,"errorThreshold":"1","actualValue":"3"},{"status":"OK","metricKey":"new_maintainability_rating","comparator":"GT","periodIndex":1,"errorThreshold":"1","actualValue":"1"},{"status":"OK","metricKey":"new_duplicated_lines_density","comparator":"GT","periodIndex":1,"errorThreshold":"3","actualValue":"0.0"}],"periods":[{"index":1,"mode":"previous_version","date":"2019-05-10T12:00:40+0530"}],"ignoredConditions":false}}]