<?xml version="1.0" encoding="UTF-8" standalone="yes"?>
<ReportDefinition type="standard">
    <TemplateName>Fortify Security Report</TemplateName>
    <TemplatePath></TemplatePath>
    <LogoPath>/HPE_logo.jpg</LogoPath>
    <Footnote>Copyright 2017 Hewlett Packard Enterprise Development, L.P.</Footnote>
    <UserName></UserName>
    <ReportSection enabled="true" optionalSubsections="false">
        <Title>Executive Summary</Title>
        <SubSection enabled="true">
            <Title>Issues Overview</Title>
            <Description>This section provides an overview of the issues uncovered during analysis. The report covers a summary of vulnerability categories discovered by the tool. The auditor should augment this section with higher-level conclusions derived from human review of the application (including architecture reviews,	black-box testing, compliance issues, etc.)</Description>
            <Text>On Nov 4, 2019, a source code review was performed over the SC_SB_RfqCreate code base. 17 files, 262 LOC (Executable) were scanned and reviewed for defects that could lead to potential security vulnerabilities. A total of 11 reviewed findings were uncovered during the analysis.</Text>
        </SubSection>
        <SubSection enabled="true">
            <Title>Issue Summary by Fortify Priority Order</Title>
            <Description>A table summarizing the number of issues found and the breakdown of issues in each Fortify Priority Level</Description>
            <IssueListing listing="false" limit="-1">
                <Refinement></Refinement>
                <Chart chartType="table">
                    <Axis>Fortify Priority Order</Axis>
                    <MajorAttribute>Analysis</MajorAttribute>
                    <GroupingSection count="9">
                        <groupTitle>Low</groupTitle>
                    </GroupingSection>
                    <GroupingSection count="1">
                        <groupTitle>Critical</groupTitle>
                    </GroupingSection>
                    <GroupingSection count="1">
                        <groupTitle>High</groupTitle>
                    </GroupingSection>
                </Chart>
            </IssueListing>
        </SubSection>
        <SubSection enabled="true">
            <Title>Recommendations and Conclusions</Title>
            <Description>This section gives some high-level recommendations on remediating the issues discussed in the Issues Summary sub section. Recommendations will vary based on deployment scenarios, risk appetite, and existing mitigating strategies. The auditor should supplement the Fortify generic recommendations with specific information that takes into account the application specific variables.</Description>
            <Text>The Issues Category section provides Fortify recommendations for addressing issues at a generic level.  The recommendations for specific fixes can be extrapolated from those generic recommendations by the development group.</Text>
        </SubSection>
    </ReportSection>
    <ReportSection enabled="true" optionalSubsections="true">
        <Title>Project Summary</Title>
        <SubSection enabled="true">
            <Title>Code Base Summary</Title>
            <Description>Summary of the Codebase that was analyzed</Description>
            <Text>Code location: /app/data/jenkins/workspace/SupplyChainMgmt/Sourcing/springboot/SC_SB_RfqCreate/HPFortifyScan
Number of Files: 17
Lines of Code: 262
Build Label: Xmx2G</Text>
        </SubSection>
        <SubSection enabled="true">
            <Title>Scan Information</Title>
            <Description>Details of the analysis</Description>
            <Text>Scan time: 00:14
SCA Engine version: 17.20.0183
Machine Name: SJDCFORTIFY10
Username running scan: SJDCFORTIFY10$</Text>
        </SubSection>
        <SubSection enabled="true">
            <Title>Results Certification</Title>
            <Description>A full summary of the Results Certification for this project</Description>
            <Text>Results Certification Valid

Details:

Results Signature:

	SCA Analysis Results has Valid signature
	

Rules Signature:

	There were no custom rules used in this scan</Text>
        </SubSection>
        <SubSection enabled="true">
            <Title>Attack Surface</Title>
            <Description>A full summary of the attack surface for this project</Description>
            <Text>Attack Surface:
Command Line Arguments:
	com.ril.source.SourceApplication.main

System Information:
	com.ril.source.exceptionHandler.CustomException.getMessage
	java.lang.Throwable.getMessage
</Text>
        </SubSection>
        <SubSection enabled="true">
            <Title>Filter Set Summary</Title>
            <Description>A brief summary of the filterset used to create this report</Description>
            <Text>Current Enabled Filter Set:
Security Auditor View

Filter Set Details:

Folder Filters:
If [fortify priority order] contains critical Then set folder to Critical
If [fortify priority order] contains high Then set folder to High
If [fortify priority order] contains medium Then set folder to Medium
If [fortify priority order] contains low Then set folder to Low</Text>
        </SubSection>
        <SubSection enabled="true">
            <Title>Audit Guide Summary</Title>
            <Description>Summary of the impact of the audit guide</Description>
            <Text>Audit guide not enabled</Text>
        </SubSection>
    </ReportSection>
    <ReportSection enabled="true" optionalSubsections="true">
        <Title>Results Outline</Title>
        <SubSection enabled="true">
            <Title>Overall number of results</Title>
            <Description>Results count</Description>
            <Text>The scan found 11 issues.</Text>
        </SubSection>
        <SubSection enabled="true">
            <Title>Vulnerability Examples by Category</Title>
            <Description>Results summary for critical and high priority issues.  Vulnerability examples are provided by category.</Description>
            <IssueListing listing="true" limit="1">
                <Refinement>[fortify priority order]:critical OR [fortify priority order]:high</Refinement>
                <Chart chartType="list">
                    <Axis>Category</Axis>
                    <MajorAttribute>Analysis</MajorAttribute>
                    <GroupingSection count="1">
                        <groupTitle>Dynamic Code Evaluation: Unsafe Deserialization</groupTitle>
                        <MajorAttributeSummary>
                            <MetaInfo>
<Name>Abstract</Name>
<Value>Deserializing user-controlled object streams at runtime can allow attackers to execute arbitrary code on the server, abuse application logic, and/or lead to denial of service.</Value>
                            </MetaInfo>
                            <MetaInfo>
<Name>Explanation</Name>
<Value>Java serialization turns object graphs into byte streams containing the objects themselves and the necessary metadata to reconstruct them from the byte stream. Developers can create custom code to aid in the process of deserializing Java objects, where they may even replace the deserialized objects with different objects, or proxies. The customized deserialization process takes place during objects reconstruction before the objects are returned to the application and cast into expected types. By the time developers try to enforce an expected type, code may have already been executed.

Custom deserialization routines are defined in the serializable classes which need to be present in the runtime classpath and cannot be injected by the attacker so the exploitability of these attacks depends on the classes available in the application environment. Unfortunately, common third party classes or even JDK classes can be abused to exhaust JVM resources, deploy malicious files, or run arbitrary code.

Certain Spring service exporters use Java serialization behind the scenes at the transport layer. RMI, JMSInvoker and HTTPInvoker are examples of these services.

Example 1: RMIServiceExporter exposing TestService methods.

&lt;bean id="testService" class="example.TestServiceImpl"/&gt;
&lt;bean class="org.springframework.remoting.rmi.RmiServiceExporter"&gt;
    &lt;property name="serviceName" value="TestService"/&gt;
    &lt;property name="service" ref="testService"/&gt;
    &lt;property name="serviceInterface" value="example.TestService"/&gt;
    &lt;property name="registryPort" value="1199"/&gt;
&lt;/bean&gt;


Example 2: JMSInvokerServiceExporter exposing TestService methods.

&lt;bean id="testService" class="example.TestServiceImpl"/&gt;
&lt;bean class="org.springframework.jms.remoting.JmsInvokerServiceExporter"&gt;
        &lt;property name="serviceInterface" value="example.TestService"/&gt;
        &lt;property name="service" ref="testService"/&gt;
&lt;/bean&gt;


Example 3: HTTPInvokerServiceExporter exposing TestService methods.

&lt;bean id="testService" class="example.TestServiceImpl"/&gt;
&lt;bean class="org.springframework.remoting.httpinvoker.HttpInvokerServiceExporter"&gt;
        &lt;property name="serviceInterface" value="example.TestService"/&gt;
        &lt;property name="service" ref="testService"/&gt;
&lt;/bean&gt;
</Value>
                            </MetaInfo>
                            <MetaInfo>
<Name>Recommendations</Name>
<Value>If possible, do not deserialize untrusted data without validating the contents of the object stream. In order to validate classes being deserialized, the look-ahead deserialization pattern should be used.

The object stream will first contain the class description metadata and then the serialized bytes of their member fields. The Java serialization process allows developers to read the class description and decide whether to proceed with the deserialization of the object or abort it. In order to do so, it is necessary to subclass java.io.ObjectInputStream and provide a custom implementation of the resolveClass(ObjectStreamClass desc) method where class validation and verification should take place.

While the ideal approach in this situation is to whitelist the expected classes, in some scenarios, this approach may not be practical. A blacklist approach is better for complex object graph structures. Keep in mind that although some classes to achieve code execution are publicly known, there may be others that are unknown or undisclosed, so a whitelist approach will always be the preferred approach. To avoid denial of service attacks, it is recommended that you override the resolveObject(Object obj) method in order to count how many objects are being deserialized and abort the deserialization when a threshold is surpassed.

When deserialization takes place in library, or framework (e.g. when using JMX, RMI, JMS, HTTP Invokers) the above recommendation is not useful since it is beyond the developer's control. In those cases, you may want to make sure that these protocols meet the following requirements:

- Not exposed publicly.
- Use authentication.
- Use integrity checks.
- Use encryption.

In addition, Fortify Runtime provides security controls to be enforced every time the application performs a deserialization from an ObjectInputStream, protecting both application code but also library and framework code from this type of attack.</Value>
                            </MetaInfo>
                            <AttributeValue>
<Name>&lt;Unaudited&gt;</Name>
<Count>1</Count>
                            </AttributeValue>
                            <AttributeValue>
<Name>Not an Issue</Name>
<Count>0</Count>
                            </AttributeValue>
                            <AttributeValue>
<Name>Reliability Issue</Name>
<Count>0</Count>
                            </AttributeValue>
                            <AttributeValue>
<Name>Bad Practice</Name>
<Count>0</Count>
                            </AttributeValue>
                            <AttributeValue>
<Name>Suspicious</Name>
<Count>0</Count>
                            </AttributeValue>
                            <AttributeValue>
<Name>Exploitable</Name>
<Count>0</Count>
                            </AttributeValue>
                            <AttributeValue>
<Name>False Postive</Name>
<Count>0</Count>
                            </AttributeValue>
                        </MajorAttributeSummary>
                        <Issue iid="D7236F8B8ABBCCF2EAF387E376D72BAA" ruleID="550A858A-55E7-4358-B081-19D66E082EBD">
                            <Category>Dynamic Code Evaluation: Unsafe Deserialization</Category>
                            <Folder>Critical</Folder>
                            <Kingdom>Input Validation and Representation</Kingdom>
                            <Abstract>Deserializing user-controlled object streams at runtime can allow attackers to execute arbitrary code on the server, abuse application logic, and/or lead to denial of service.</Abstract>
                            <Friority>Critical</Friority>
                            <Primary>
<FileName>pom.xml</FileName>
<FilePath>pom.xml</FilePath>
<LineStart>65</LineStart>
<Snippet>    	&lt;dependency&gt;
			&lt;groupId&gt;org.springframework.boot&lt;/groupId&gt;
			&lt;artifactId&gt;spring-boot-starter-actuator&lt;/artifactId&gt;
		&lt;/dependency&gt;
		</Snippet>
<TargetFunction>null()</TargetFunction>
                            </Primary>
                        </Issue>
                    </GroupingSection>
                    <GroupingSection count="1">
                        <groupTitle>Password Management: Password in Configuration File</groupTitle>
                        <MajorAttributeSummary>
                            <MetaInfo>
<Name>Abstract</Name>
<Value>Storing a plain text password in a configuration file may result in a system compromise.</Value>
                            </MetaInfo>
                            <MetaInfo>
<Name>Explanation</Name>
<Value>Storing a plain text password in a configuration file allows anyone who can read the file access to the password-protected resource. Developers sometimes believe that they cannot defend the application from someone who has access to the configuration, but this attitude makes an attacker's job easier. Good password management guidelines require that a password never be stored in plain text.

</Value>
                            </MetaInfo>
                            <MetaInfo>
<Name>Recommendations</Name>
<Value>A password should never be stored in plain text. An administrator should be required to enter the password when the system starts. If that approach is impractical, a less secure but often adequate solution is to obfuscate the password and scatter the de-obfuscation material around the system so that an attacker has to obtain and correctly combine multiple system resources to decipher the password.

Some third-party products claim the ability to manage passwords in a more secure way. For example, WebSphere Application Server 4.x uses a simple XOR encryption algorithm for obfuscating values, but be skeptical about such facilities. WebSphere and other application servers offer outdated and relatively weak encryption mechanisms that are insufficient for security-sensitive environments. For a secure solution the only viable option is a proprietary one.</Value>
                            </MetaInfo>
                            <MetaInfo>
<Name>Tips</Name>
<Value>1. Fortify Static Code Analyzer searches configuration files for common names used for password properties. Audit these issues by verifying that the flagged entry is used as a password and that the password entry contains plain text.

2. If the entry in the configuration file is a default password, require that it be changed in addition to requiring that it be obfuscated in the configuration file.</Value>
                            </MetaInfo>
                            <AttributeValue>
<Name>&lt;Unaudited&gt;</Name>
<Count>1</Count>
                            </AttributeValue>
                            <AttributeValue>
<Name>Not an Issue</Name>
<Count>0</Count>
                            </AttributeValue>
                            <AttributeValue>
<Name>Reliability Issue</Name>
<Count>0</Count>
                            </AttributeValue>
                            <AttributeValue>
<Name>Bad Practice</Name>
<Count>0</Count>
                            </AttributeValue>
                            <AttributeValue>
<Name>Suspicious</Name>
<Count>0</Count>
                            </AttributeValue>
                            <AttributeValue>
<Name>Exploitable</Name>
<Count>0</Count>
                            </AttributeValue>
                            <AttributeValue>
<Name>False Postive</Name>
<Count>0</Count>
                            </AttributeValue>
                        </MajorAttributeSummary>
                        <Issue iid="6BBA8F75C2B2A01DB2CEEA7F3A3ECB6F" ruleID="29C589A2-3796-4486-A12D-BCE05ADFFE11">
                            <Category>Password Management: Password in Configuration File</Category>
                            <Folder>High</Folder>
                            <Kingdom>Environment</Kingdom>
                            <Abstract>Storing a plain text password in a configuration file may result in a system compromise.</Abstract>
                            <Friority>High</Friority>
                            <Primary>
<FileName>application.properties</FileName>
<FilePath>src/main/resources/application.properties</FilePath>
<LineStart>6</LineStart>
<Snippet>spring.datasource.url=jdbc:mysql://10.26.24.43:3306/SCMPF?useSSL=false
spring.datasource.username=scmpuser
spring.datasource.password=Scmp$er12#14

##Hibernate Properties</Snippet>
<TargetFunction>spring.datasource.password()</TargetFunction>
                            </Primary>
                        </Issue>
                    </GroupingSection>
                </Chart>
            </IssueListing>
        </SubSection>
    </ReportSection>
    <ReportSection enabled="false" optionalSubsections="true">
        <Title>Detailed Project Summary</Title>
        <SubSection enabled="true">
            <Title>Files Scanned</Title>
            <Description>A detailed listing of all scanned files.  Files are listed with paths relative to the Source Base Path</Description>
            <Text>Code base location: /app/data/jenkins/workspace/SupplyChainMgmt/Sourcing/springboot/SC_SB_RfqCreate/HPFortifyScan
Files Scanned:
src/main/java/com/ril/source/util/ResponseData.java		java	10 Lines	1.1 KB	Nov 4, 2019 6:48:44 PM
src/main/java/com/ril/source/constants/DTConstants.java		java	12 Lines		Nov 4, 2019 6:48:44 PM
src/main/java/com/ril/source/service/DashboardServiceImp.java		java	1 Lines		Nov 4, 2019 6:48:44 PM
src/main/java/com/ril/source/repository/PlannerRepository.java		java		2 KB	Nov 4, 2019 6:48:44 PM
src/main/java/com/ril/source/config/SwaggerConfiguration.java		java	9 Lines	1.3 KB	Nov 4, 2019 6:48:44 PM
src/main/java/com/ril/source/model/Chart.java		java	5 Lines		Nov 4, 2019 6:48:44 PM
src/main/java/com/ril/source/model/RfqDashboard.java		java	17 Lines	1.2 KB	Nov 4, 2019 6:48:44 PM
src/main/java/com/ril/source/exceptionHandler/CustomizedResponseEntityExceptionHandler.java		java	18 Lines	2.3 KB	Nov 4, 2019 6:48:44 PM
src/main/java/com/ril/source/exceptionHandler/CustomException.java		java	5 Lines		Nov 4, 2019 6:48:44 PM
src/main/java/com/ril/source/model/PlanDetails.java		java	29 Lines	2.9 KB	Nov 4, 2019 6:48:44 PM
pom.xml		xml		2.7 KB	Nov 4, 2019 6:48:44 PM
src/main/resources/application.properties		java_properties			Nov 4, 2019 6:48:44 PM
src/main/java/com/ril/source/model/MaterialType.java		java	27 Lines	2.9 KB	Nov 4, 2019 6:48:44 PM
src/main/java/com/ril/source/model/PlanHeader.java		java	51 Lines	4.9 KB	Nov 4, 2019 6:48:44 PM
src/main/java/com/ril/source/sourceController/SourceController.java		java	76 Lines	7.2 KB	Nov 4, 2019 6:48:44 PM
src/main/java/com/ril/source/SourceApplication.java		java	2 Lines		Nov 4, 2019 6:48:44 PM
src/main/java/com/ril/source/repository/MaterialTypeRepository.java		java			Nov 4, 2019 6:48:44 PM</Text>
        </SubSection>
        <SubSection enabled="true">
            <Title>Reference Elements</Title>
            <Description>A Listing of all libraries used for the translation phase of the analysis</Description>
            <Text>Classpath:

No classpath specified during translation

Libdirs:

No libdirs specified during translation</Text>
        </SubSection>
        <SubSection enabled="true">
            <Title>Rulepacks</Title>
            <Description>A listing of all rulepacks used in the analysis</Description>
            <Text>Valid Rulepacks:

Name: 		Fortify Secure Coding Rules, Core, Android
Version: 	2018.4.0.0008
ID: 				FF9890E6-D119-4EE8-A591-83DCF4CA6952
SKU: 			RUL13093

Name: 		Fortify Secure Coding Rules, Core, Annotations
Version: 	2018.4.0.0008
ID: 				14EE50EB-FA1C-4AE8-8B59-39F952E21E3B
SKU: 			RUL13078

Name: 		Fortify Secure Coding Rules, Core, Java
Version: 	2018.4.0.0008
ID: 				06A6CC97-8C3F-4E73-9093-3E74C64A2AAF
SKU: 			RUL13003

Name: 		Fortify Secure Coding Rules, Extended, Configuration
Version: 	2018.4.0.0008
ID: 				CD6959FC-0C37-45BE-9637-BAA43C3A4D56
SKU: 			RUL13005

Name: 		Fortify Secure Coding Rules, Extended, Content
Version: 	2018.4.0.0008
ID: 				9C48678C-09B6-474D-B86D-97EE94D38F17
SKU: 			RUL13067

Name: 		Fortify Secure Coding Rules, Extended, Java
Version: 	2018.4.0.0008
ID: 				AAAC0B10-79E7-4FE5-9921-F4903A79D317
SKU: 			RUL13007

Name: 		Fortify Secure Coding Rules, Extended, JSP
Version: 	2018.4.0.0008
ID: 				00403342-15D0-48C9-8E67-4B1CFBDEFCD2
SKU: 			RUL13026

External Metadata:
Version: 2017.4.0.0007

Name: 		CWE
ID: 				3ADB9EE4-5761-4289-8BD3-CBFCC593EBBC
The Common Weakness Enumeration (CWE), co-sponsored and maintained by MITRE, is international in scope and free for public use. CWE provides a unified, measurable set of software weaknesses that is enabling more effective discussion, description, selection, and use of software security tools and services that can find these weaknesses in source code and operational systems as well as better understanding and management of software weaknesses related to architecture and design.

Name: 		FISMA
ID: 				B40F9EE0-3824-4879-B9FE-7A789C89307C
The Federal Information Processing Standard (FIPS) 200 document is part of the official series of publications, issued by the National Institute of Standards and Technology (NIST), relating to standards and guidelines adopted and promulgated under the provisions of the Federal Information Security Management Act (FISMA). Specifically, FIPS Publication 200 specifies the "Minimum Security Requirements for Federal Information and Information Systems."

Name: 		MISRA C 2012
ID: 				555A3A66-A0E1-47AF-910C-3F19A6FB2506
Now in its third edition, the Motor Industry Software Reliability Association (MISRA) C Guidelines describe a subset of the C programming language in which there is reduced risk of introducing mistakes in critical systems. While the MISRA C Guidelines focus upon safety-related software development, a subset of the rules also reflect security properties.  Fortify interprets the MISRA C Guidelines under the context of security and provides correlation of security vulnerabilty categories to the rules defined by MISRA. Fortify provides these security focused detection mechanism with the standard rulepacks, however, further support of the MISRA C Guidelines related to safety can be added through the use of custom rules. The results in this report can assist in the creation of a compliance matrix for MISRA.

Name: 		MISRA C++ 2008
ID: 				5D4B75A1-FC91-4B4B-BD4D-C81BBE9604FA
The Motor Industry Software Reliability Association (MISRA) C++ Guidelines describe a subset of the C++ programming language in which there is reduced risk of introducing mistakes in critical systems. While the MISRA C++ Guidelines focus upon safety-related software development, a subset of the rules also reflect security properties.  Fortify interprets the MISRA C++ Guidelines under the context of security and provides correlation of security vulnerabilty categories to the rules defined by MISRA. Fortify provides these security focused detection mechanism with the standard rulepacks, however, further support of the MISRA C++ Guidelines related to safety can be added through the use of custom rules. The results in this report can assist in the creation of a compliance matrix for MISRA.

Name: 		NIST SP 800-53 Rev.4
ID: 				1114583B-EA24-45BE-B7F8-B61201BACDD0
NIST Special Publication 800-53 Revision 4 provides a list of security and privacy controls designed to protect federal organizations and information systems from security threats. The following table summarizes the number of issues identified across the different controls and broken down by Fortify Priority Order.

Name: 		OWASP Mobile 2014
ID: 				EEE3F9E7-28D6-4456-8761-3DA56C36F4EE
The OWASP Mobile Top 10 Risks 2014 provides a powerful awareness document for mobile application security. The OWASP Mobile Top 10 represents a broad consensus about what the most critical mobile application security flaws are. Project members include a variety of security experts from around the world who have shared their expertise to produce this list.

Name: 		OWASP Top 10 2004
ID: 				771C470C-9274-4580-8556-C023E4D3ADB4
The OWASP Top Ten 2004 provides a powerful awareness document for web application security. The OWASP Top Ten represents a broad consensus about what the most critical web application security flaws are. Project members include a variety of security experts from around the world who have shared their expertise to produce this list.

Name: 		OWASP Top 10 2007
ID: 				1EB1EC0E-74E6-49A0-BCE5-E6603802987A
The OWASP Top Ten 2007 provides a powerful awareness document for web application security. The OWASP Top Ten represents a broad consensus about what the most critical web application security flaws are. Project members include a variety of security experts from around the world who have shared their expertise to produce this list.

Name: 		OWASP Top 10 2010
ID: 				FDCECA5E-C2A8-4BE8-BB26-76A8ECD0ED59
The OWASP Top Ten 2010 provides a powerful awareness document for web application security. The OWASP Top Ten represents a broad consensus about what the most critical web application security flaws are. Project members include a variety of security experts from around the world who have shared their expertise to produce this list.

Name: 		OWASP Top 10 2013
ID: 				1A2B4C7E-93B0-4502-878A-9BE40D2A25C4
The OWASP Top Ten 2013 provides a powerful awareness document for web application security. The OWASP Top Ten represents a broad consensus about what the most critical web application security flaws are. Project members include a variety of security experts from around the world who have shared their expertise to produce this list.

Name: 		OWASP Top 10 2017
ID: 				3C6ECB67-BBD9-4259-A8DB-B49328927248
The OWASP Top Ten 2017 provides a powerful awareness document for web application security focused on informing the community about the consequences of the most common and most important web application security weaknesses. The OWASP Top Ten represents a broad agreement about what the most critical web application security flaws are with consensus being drawn from data collection and survey results. Project members include a variety of security experts from around the world who have shared their expertise to produce this list.

Name: 		PCI 1.1
ID: 				CBDB9D4D-FC20-4C04-AD58-575901CAB531
The Payment Card Industry (PCI) Data Security Standard (DSS) 1.1 compliance standard describes 12 requirements which are organized into 6 logically related groups, which are "control objectives". PCI DSS requirements are applicable if Primary Account Number (PAN) is stored, processed, or transmitted by the system.

Name: 		PCI 1.2
ID: 				57940BDB-99F0-48BF-BF2E-CFC42BA035E5
Payment Card Industry Data Security Standard Version 1.2 description

Name: 		PCI 2.0
ID: 				8970556D-7F9F-4EA7-8033-9DF39D68FF3E
The PCI DSS 2.0 compliance standard, particularly sections 6.3, 6.5, and 6.6, references the OWASP Top 10 vulnerability categories as the core categories that must be tested for and remediated. The following table summarizes the number of issues identified across the different PCI DSS requirements and broken down by Fortify Priority Order.

Name: 		PCI 3.0
ID: 				E2FB0D38-0192-4F03-8E01-FE2A12680CA3
The following is a summary of the application security portions of Payment Card Industry (PCI) Data Security Standard (DSS) v3.0. Fortify tests for 32 application security related requirements across sections 1, 2, 3, 4, 6, 7, 8, and 10 of PCI DSS and reports whether each requirement is In Place or Not In Place to indicate whether requirements are satisfied or not. This report is intended to measure the level of adherence the specific application(s) possess when compared to PCI DSS 3.0 compliance and is not intended to serve as a comprehensive Report on Compliance (ROC). The information contained in this report is targeted at project managers, security auditors, and compliance auditors.

Name: 		PCI 3.1
ID: 				AC0D18CF-C1DA-47CF-9F1A-E8EC0A4A717E
The following is a summary of the application security portions of Payment Card Industry (PCI) Data Security Standard (DSS) v3.1. Fortify tests for 31 application security related requirements across sections 1, 2, 3, 4, 6, 7, 8, and 10 of PCI DSS and reports whether each requirement is In Place or Not In Place to indicate whether requirements are satisfied or not. This report is intended to measure the level of adherence the specific application(s) possess when compared to PCI DSS 3.1 compliance and is not intended to serve as a comprehensive Report on Compliance (ROC). The information contained in this report is targeted at project managers, security auditors, and compliance auditors.

Name: 		PCI 3.2
ID: 				4E8431F9-1BA1-41A8-BDBD-087D5826751A
The following is a summary of the application security portions of Payment Card Industry (PCI) Data Security Standard (DSS) v3.2. Fortify tests for 31 application security related requirements across sections 1, 2, 3, 4, 6, 7, 8, and 10 of PCI DSS and reports whether each requirement is In Place or Not In Place to indicate whether requirements are satisfied or not. This report is intended to measure the level of adherence the specific application(s) possess when compared to PCI DSS 3.2 compliance and is not intended to serve as a comprehensive Report on Compliance (ROC). The information contained in this report is targeted at project managers, security auditors, and compliance auditors.

Name: 		SANS Top 25 2009
ID: 				939EF193-507A-44E2-ABB7-C00B2168B6D8
The 2009 CWE/SANS Top 25 Programming Errors list the most significant programming errors that can lead to serious software vulnerabilities. They occur frequently, are often easy to find, and easy to exploit. They are dangerous because they will frequently allow attackers to completely take over the software, steal data, or prevent the software from working at all. The list is the result of collaboration between the SANS Institute, MITRE, and many top software security experts.

Name: 		SANS Top 25 2010
ID: 				72688795-4F7B-484C-88A6-D4757A6121CA
SANS Top 25 2010 Most Dangerous Software Errors provides an enumeration of the most widespread and critical errors, categorized by Common Weakness Enumeration (CWE) identifiers, that lead to serious vulnerabilities in software (http://cwe.mitre.org/). These software errors are often easy to find and exploit. The inherent danger in these errors is that they can allow an attacker to completely take over the software, steal data, or prevent the software from working at all.

Name: 		SANS Top 25 2011
ID: 				92EB4481-1FD9-4165-8E16-F2DE6CB0BD63
SANS Top 25 2011 Most Dangerous Software Errors provides an enumeration of the most widespread and critical errors, categorized by Common Weakness Enumeration (CWE) identifiers, that lead to serious vulnerabilities in software (http://cwe.mitre.org/). These software errors are often easy to find and exploit. The inherent danger in these errors is that they can allow an attacker to completely take over the software, steal data, or prevent the software from working at all.

Name: 		STIG 3.1
ID: 				F2FA57EA-5AAA-4DDE-90A5-480BE65CE7E7
Security Technical Implementation Guide Version 3.1 description

Name: 		STIG 3.10
ID: 				788A87FE-C9F9-4533-9095-0379A9B35B12
Each requirement or recommendation identified by the Defense Information Systems Agency (DISA) STIG is represented by a STIG identifier (STIGID) which corresponds to a checklist item and a severity code [APP&lt;I&gt;ID&lt;/I&gt;: CAT &lt;I&gt;SEV&lt;/I&gt;]. DISA STIG defines three severities with respect to vulnerabilities where their:
    
&lt;LI&gt;exploitation leads to direct and immediate loss of Confidentiality, Availability, or Integrity (CAT I).&lt;/LI&gt; 
&lt;LI&gt;exploitation potentially results in loss of Confidentiality, Availability, or Integrity (CAT II).&lt;/LI&gt; 
&lt;LI&gt;existence degrades protections against loss of Confidentiality, Availability, or Integrity (CAT III).&lt;/LI&gt;  &lt;/UL&gt;
  
The following table summarizes the number of issues identified across the different STIGIDs broken down by Fortify Priority Order. The status of a STIGID is considered "In Place" when there are no issues reported for a given STIGID.  

If the project is missing a Fortify Static Code Analyzer (SCA) scan, or the scan contains findings that have not been fixed, hidden or suppressed, STIGID APP5080: CAT II is not considered "In Place". Similarly, if the project is missing an Micro Focus Fortify WebInspect scan, or the scan contains any critical findings, STIGID APP5100: CAT II is not considered "In Place".

Name: 		STIG 3.4
ID: 				58E2C21D-C70F-4314-8994-B859E24CF855
Each requirement or recommendation identified by the Defense Information Systems Agency (DISA) STIG is represented by a STIG identifier (STIGID) which corresponds to a checklist item and a severity code [APP&lt;I&gt;ID&lt;/I&gt;: CAT &lt;I&gt;SEV&lt;/I&gt;]. DISA STIG identifies several severities with respect to vulnerabilities:
    
&lt;LI&gt;CAT I: allow an attacker immediate access into a machine, allow super user access, or bypass a firewall.&lt;/LI&gt; 
&lt;LI&gt;CAT II: provide information that have a high potential of giving access to an intruder.&lt;/LI&gt; 
&lt;LI&gt;CAT III: provide information that potentially could lead to compromise.&lt;/LI&gt;  &lt;/UL&gt;
  
The following table summarizes the number of issues identified across the different STIGIDs broken down by Fortify Priority Order. The status of a STIGID is considered "In Place" when there are no issues reported for a given STIGID.

Name: 		STIG 3.5
ID: 				DD18E81F-3507-41FA-9DFA-2A9A15B5479F
Each requirement or recommendation identified by the Defense Information Systems Agency (DISA) STIG is represented by a STIG identifier (STIGID) which corresponds to a checklist item and a severity code [APP&lt;I&gt;ID&lt;/I&gt;: CAT &lt;I&gt;SEV&lt;/I&gt;]. DISA STIG identifies several severities with respect to vulnerabilities:
    
&lt;LI&gt;CAT I: allow an attacker immediate access into a machine, allow super user access, or bypass a firewall.&lt;/LI&gt; 
&lt;LI&gt;CAT II: provide information that have a high potential of giving access to an intruder.&lt;/LI&gt; 
&lt;LI&gt;CAT III: provide information that potentially could lead to compromise.&lt;/LI&gt; &lt;/UL&gt;
  
The following table summarizes the number of issues identified across the different STIGIDs broken down by Fortify Priority Order. The status of a STIGID is considered "In Place" when there are no issues reported for a given STIGID.

Name: 		STIG 3.6
ID: 				000CA760-0FED-4374-8AA2-6FA3968A07B1
Each requirement or recommendation identified by the Defense Information Systems Agency (DISA) STIG is represented by a STIG identifier (STIGID) which corresponds to a checklist item and a severity code [APP&lt;I&gt;ID&lt;/I&gt;: CAT &lt;I&gt;SEV&lt;/I&gt;]. DISA STIG identifies several severities with respect to vulnerabilities:
    
&lt;LI&gt;CAT I: allow an attacker immediate access into a machine, allow super user access, or bypass a firewall.&lt;/LI&gt; 
&lt;LI&gt;CAT II: provide information that have a high potential of giving access to an intruder.&lt;/LI&gt; 
&lt;LI&gt;CAT III: provide information that potentially could lead to compromise.&lt;/LI&gt;  &lt;/UL&gt;
  
The following table summarizes the number of issues identified across the different STIGIDs broken down by Fortify Priority Order. The status of a STIGID is considered "In Place" when there are no issues reported for a given STIGID.  

If the project is missing a Fortify Static Code Analyzer (SCA) scan, or the scan contains findings that have not been fixed, hidden or suppressed, STIGID APP5080: CAT II is not considered "In Place". Similarly, if the project is missing an Micro Focus Fortify WebInspect scan, or the scan contains any critical findings, STIGID APP5100: CAT II is not considered "In Place".

Name: 		STIG 3.7
ID: 				E69C07C0-81D8-4B04-9233-F3E74167C3D2
Each requirement or recommendation identified by the Defense Information Systems Agency (DISA) STIG is represented by a STIG identifier (STIGID) which corresponds to a checklist item and a severity code [APP&lt;I&gt;ID&lt;/I&gt;: CAT &lt;I&gt;SEV&lt;/I&gt;]. DISA STIG identifies several severities with respect to vulnerabilities:
    
&lt;LI&gt;CAT I: allow an attacker immediate access into a machine, allow super user access, or bypass a firewall.&lt;/LI&gt; 
&lt;LI&gt;CAT II: provide information that have a high potential of giving access to an intruder.&lt;/LI&gt; 
&lt;LI&gt;CAT III: provide information that potentially could lead to compromise.&lt;/LI&gt;  &lt;/UL&gt;
  
The following table summarizes the number of issues identified across the different STIGIDs broken down by Fortify Priority Order. The status of a STIGID is considered "In Place" when there are no issues reported for a given STIGID.  

If the project is missing a Fortify Static Code Analyzer (SCA) scan, or the scan contains findings that have not been fixed, hidden or suppressed, STIGID APP5080: CAT II is not considered "In Place". Similarly, if the project is missing an Micro Focus Fortify WebInspect scan, or the scan contains any critical findings, STIGID APP5100: CAT II is not considered "In Place".

Name: 		STIG 3.9
ID: 				1A9D736B-2D4A-49D1-88CA-DF464B40D732
Each requirement or recommendation identified by the Defense Information Systems Agency (DISA) STIG is represented by a STIG identifier (STIGID) which corresponds to a checklist item and a severity code [APP&lt;I&gt;ID&lt;/I&gt;: CAT &lt;I&gt;SEV&lt;/I&gt;]. DISA STIG defines three severities with respect to vulnerabilities where their:
    
&lt;LI&gt;exploitation leads to direct and immediate loss of Confidentiality, Availability, or Integrity (CAT I).&lt;/LI&gt; 
&lt;LI&gt;exploitation potentially results in loss of Confidentiality, Availability, or Integrity (CAT II).&lt;/LI&gt; 
&lt;LI&gt;existence degrades protections against loss of Confidentiality, Availability, or Integrity (CAT III).&lt;/LI&gt;  &lt;/UL&gt;
  
The following table summarizes the number of issues identified across the different STIGIDs broken down by Fortify Priority Order. The status of a STIGID is considered "In Place" when there are no issues reported for a given STIGID.  

If the project is missing a Fortify Static Code Analyzer (SCA) scan, or the scan contains findings that have not been fixed, hidden or suppressed, STIGID APP5080: CAT II is not considered "In Place". Similarly, if the project is missing an Micro Focus Fortify WebInspect scan, or the scan contains any critical findings, STIGID APP5100: CAT II is not considered "In Place".

Name: 		STIG 4.1
ID: 				95227C50-A9E4-4C9D-A8AF-FD98ABAE1F3C
Each requirement or recommendation identified by the Defense Information Systems Agency (DISA) STIG is represented by a STIG identifier (STIGID) which corresponds to a checklist item and a severity code [APSC-DV-&lt;I&gt;ID&lt;/I&gt;: CAT &lt;I&gt;SEV&lt;/I&gt;]. DISA STIG defines three severities with respect to vulnerabilities where their:
    
&lt;LI&gt;exploitation leads to direct and immediate loss of Confidentiality, Availability, or Integrity (CAT I).&lt;/LI&gt; 
&lt;LI&gt;exploitation potentially results in loss of Confidentiality, Availability, or Integrity (CAT II).&lt;/LI&gt; 
&lt;LI&gt;existence degrades protections against loss of Confidentiality, Availability, or Integrity (CAT III).&lt;/LI&gt;  &lt;/UL&gt;
  
The following table summarizes the number of issues identified across the different STIGIDs broken down by Fortify Priority Order. The status of a STIGID is considered "In Place" when there are no issues reported for a given STIGID.  

If the project is missing a Fortify Static Code Analyzer (SCA) scan, or the scan contains findings that have not been fixed, hidden or suppressed, STIGID APSC-DV-003170: CAT II is not considered "In Place". Similarly, if the project is missing an Micro Focus Fortify WebInspect scan, or the scan contains any critical findings, STIGID APSC-DV-001460: CAT II and STIGID APSC-DV-002930: CAT II are not considered "In Place".

Name: 		STIG 4.2
ID: 				672C15F8-8822-4E05-8C9E-1A4BAAA7A373
Each requirement or recommendation identified by the Defense Information Systems Agency (DISA) STIG is represented by a STIG identifier (STIGID) which corresponds to a checklist item and a severity code [APSC-DV-&lt;I&gt;ID&lt;/I&gt;: CAT &lt;I&gt;SEV&lt;/I&gt;]. DISA STIG defines three severities with respect to vulnerabilities where their:
    
&lt;LI&gt;exploitation leads to direct and immediate loss of Confidentiality, Availability, or Integrity (CAT I).&lt;/LI&gt; 
&lt;LI&gt;exploitation potentially results in loss of Confidentiality, Availability, or Integrity (CAT II).&lt;/LI&gt; 
&lt;LI&gt;existence degrades protections against loss of Confidentiality, Availability, or Integrity (CAT III).&lt;/LI&gt;  &lt;/UL&gt;
  
The following table summarizes the number of issues identified across the different STIGIDs broken down by Fortify Priority Order. The status of a STIGID is considered "In Place" when there are no issues reported for a given STIGID.  

If the project is missing a Fortify Static Code Analyzer (SCA) scan, or the scan contains findings that have not been fixed, hidden or suppressed, STIGID APSC-DV-003170: CAT II is not considered "In Place". Similarly, if the project is missing an Micro Focus Fortify WebInspect scan, or the scan contains any critical findings, STIGID APSC-DV-001460: CAT II and STIGID APSC-DV-002930: CAT II are not considered "In Place".

Name: 		STIG 4.3
ID: 				A0B313F0-29BD-430B-9E34-6D10F1178506
Each requirement or recommendation identified by the Defense Information Systems Agency (DISA) STIG is represented by a STIG identifier (STIGID) which corresponds to a checklist item and a severity code [APSC-DV-&lt;I&gt;ID&lt;/I&gt;: CAT &lt;I&gt;SEV&lt;/I&gt;]. DISA STIG defines three severities with respect to vulnerabilities where their:
    
&lt;LI&gt;exploitation leads to direct and immediate loss of Confidentiality, Availability, or Integrity (CAT I).&lt;/LI&gt; 
&lt;LI&gt;exploitation potentially results in loss of Confidentiality, Availability, or Integrity (CAT II).&lt;/LI&gt; 
&lt;LI&gt;existence degrades protections against loss of Confidentiality, Availability, or Integrity (CAT III).&lt;/LI&gt;  &lt;/UL&gt;
  
The following table summarizes the number of issues identified across the different STIGIDs broken down by Fortify Priority Order. The status of a STIGID is considered "In Place" when there are no issues reported for a given STIGID.  

If the project is missing a Fortify Static Code Analyzer (SCA) scan, or the scan contains findings that have not been fixed, hidden or suppressed, STIGID APSC-DV-003170: CAT II is not considered "In Place". Similarly, if the project is missing an Micro Focus Fortify WebInspect scan, or the scan contains any critical findings, STIGID APSC-DV-001460: CAT II and STIGID APSC-DV-002930: CAT II are not considered "In Place".

Name: 		STIG 4.4
ID: 				ECEC5CA2-7ACA-4B70-BF44-3248B9C6F4F8
Each requirement or recommendation identified by the Defense Information Systems Agency (DISA) STIG is represented by a STIG identifier (STIGID) which corresponds to a checklist item and a severity code [APSC-DV-&lt;I&gt;ID&lt;/I&gt;: CAT &lt;I&gt;SEV&lt;/I&gt;]. DISA STIG defines three severities with respect to vulnerabilities where their:
    
&lt;LI&gt;exploitation leads to direct and immediate loss of Confidentiality, Availability, or Integrity (CAT I).&lt;/LI&gt; 
&lt;LI&gt;exploitation potentially results in loss of Confidentiality, Availability, or Integrity (CAT II).&lt;/LI&gt; 
&lt;LI&gt;existence degrades protections against loss of Confidentiality, Availability, or Integrity (CAT III).&lt;/LI&gt;  &lt;/UL&gt;
  
The following table summarizes the number of issues identified across the different STIGIDs broken down by Fortify Priority Order. The status of a STIGID is considered "In Place" when there are no issues reported for a given STIGID.  

If the project is missing a Fortify Static Code Analyzer (SCA) scan, or the scan contains findings that have not been fixed, hidden or suppressed, STIGID APSC-DV-003170: CAT II is not considered "In Place". Similarly, if the project is missing an Micro Focus Fortify WebInspect scan, or the scan contains any critical findings, STIGID APSC-DV-001460: CAT II and STIGID APSC-DV-002930: CAT II are not considered "In Place".

Name: 		WASC 2.00
ID: 				74f8081d-dd49-49da-880f-6830cebe9777
The Web Application Security Consortium (WASC) was created as a cooperative effort to standardize, clarify, and organize the threats to the security of a web site. Version 2.00 of their Threat Classification outlines the attacks and weaknesses that can commonly lead to a website being compromised.

Name: 		WASC 24 + 2
ID: 				9DC61E7F-1A48-4711-BBFD-E9DFF537871F
The Web Application Security Consortium (WASC) was created as a cooperative effort to standardize, clarify, and organize the threats to the security of a web site.

</Text>
        </SubSection>
        <SubSection enabled="true">
            <Title>Properties</Title>
            <Description>A complete listing of all properties set during analysis phase</Description>
            <Text>WinForms.CollectionMutationMonitor.Label=WinFormsDataSource
awt.toolkit=sun.awt.windows.WToolkit
com.fortify.AuthenticationKey=C:\Windows\system32\config\systemprofile\AppData\Local/Fortify/config/tools
com.fortify.Core=C:\Program Files\HPE_Security\Fortify_SCA_and_Apps_17.20\Core
com.fortify.InstallRoot=C:\Program Files\HPE_Security\Fortify_SCA_and_Apps_17.20
com.fortify.InstallationUserName=SJDCFORTIFY10$
com.fortify.SCAExecutablePath=C:/Program Files/HPE_Security/Fortify_SCA_and_Apps_17.20/bin/sourceanalyzer.exe
com.fortify.TotalPhysicalMemory=34359132160
com.fortify.VS.DefaultFramework.10.0=DotNetFrameworkv40
com.fortify.VS.DefaultFramework.11.0=DotNetFrameworkv45
com.fortify.VS.DefaultFramework.12.0=DotNetFrameworkv451
com.fortify.VS.DefaultFramework.14.0=DotNetFrameworkv451
com.fortify.VS.Frameworks.DotNetFrameworkv11.SDKRegistry="SOFTWARE\Microsoft\.NETFramework","sdkInstallRootv1.1","\bin"
com.fortify.VS.Frameworks.DotNetFrameworkv11.VSProjectVersionCode=1;
com.fortify.VS.Frameworks.DotNetFrameworkv20.SDKRegistry="SOFTWARE\Microsoft\.NETFramework","sdkInstallRootv2.0","\bin"
com.fortify.VS.Frameworks.DotNetFrameworkv20.VSProjectVersionCode=131072
com.fortify.VS.Frameworks.DotNetFrameworkv30.SDKRegistry="SOFTWARE\Microsoft\Microsoft SDKs\Windows\v6.0A","InstallationFolder"
com.fortify.VS.Frameworks.DotNetFrameworkv30.VSProjectVersionCode=196608
com.fortify.VS.Frameworks.DotNetFrameworkv35.SDKRegistry="SOFTWARE\Microsoft\Microsoft SDKs\Windows\v6.0A","InstallationFolder"
com.fortify.VS.Frameworks.DotNetFrameworkv35.VSProjectVersionCode=196613
com.fortify.VS.Frameworks.DotNetFrameworkv40.DotNetFolder="v4.0.30319"
com.fortify.VS.Frameworks.DotNetFrameworkv40.SDKRegistry="SOFTWARE\Microsoft\Microsoft SDKs\Windows\v7.0A\WinSDK-NetFx40Tools-x86","InstallationFolder"
com.fortify.VS.Frameworks.DotNetFrameworkv40.VSProjectVersionCode=262144
com.fortify.VS.Frameworks.DotNetFrameworkv45.DotNetFolder="v4.0.30319"
com.fortify.VS.Frameworks.DotNetFrameworkv45.SDKPaths="Microsoft SDKs\Windows\v8.0A\bin\NETFX 4.0 Tools\";"Microsoft SDKs\Windows\v8.0A\bin\";"Microsoft SDKs\Windows\v8.0\bin\NETFX 4.0 Tools\";"Microsoft SDKs\Windows\v8.0\bin\"
com.fortify.VS.Frameworks.DotNetFrameworkv45.SDKRegistry="SOFTWARE\Microsoft\Microsoft SDKs\Windows\v8.0A\WinSDK-NetFx40Tools-x86","InstallationFolder"
com.fortify.VS.Frameworks.DotNetFrameworkv45.VSProjectVersionCode=262149
com.fortify.VS.Frameworks.DotNetFrameworkv451.DotNetFolder="v4.0.30319"
com.fortify.VS.Frameworks.DotNetFrameworkv451.SDKPaths="Microsoft SDKs\Windows\v8.1A\bin\NETFX 4.5.1 Tools\";"Microsoft SDKs\Windows\v8.1A\bin\";"Microsoft SDKs\Windows\v8.1\bin\NETFX 4.5.1 Tools\";"Microsoft SDKs\Windows\v8.1\bin\"
com.fortify.VS.Frameworks.DotNetFrameworkv451.SDKRegistry="SOFTWARE\Microsoft\Microsoft SDKs\Windows\v8.1A\WinSDK-NetFx40Tools-x86","InstallationFolder"
com.fortify.VS.Frameworks.DotNetFrameworkv451.VSProjectVersionCode=451
com.fortify.VS.Frameworks.default.SDKRegistry="SOFTWARE\Microsoft\Microsoft SDKs\Windows\v8.0A\WinSDK-NetFx35Tools-x86","InstallationFolder";"SOFTWARE\Microsoft\Microsoft SDKs\Windows\v7.0A\WinSDK-NetFx35Tools-x86","InstallationFolder";"SOFTWARE\Microsoft\Microsoft SDKs\Windows\v6.1","InstallationFolder","\bin"
com.fortify.VS.Frameworks.default.VSProjectVersionCode=-1
com.fortify.VS.RequireASPPrecompilation=true
com.fortify.WorkingDirectory=C:\Windows\system32\config\systemprofile\AppData\Local/Fortify
com.fortify.locale=en
com.fortify.sca.AddImpliedMethods=true
com.fortify.sca.AntCompilerClass=com.fortify.dev.ant.SCACompiler
com.fortify.sca.AspnetTranslator=C:\Program Files\HPE_Security\Fortify_SCA_and_Apps_17.20\Core/private-bin/sca/aspcodegen.exe
com.fortify.sca.BuildID=SC_SB_RfqCreate
com.fortify.sca.BuildLabel=Xmx2G
com.fortify.sca.BuildProject=HC-SCM-SC_SB_RfqCreate
com.fortify.sca.BuildVersion=1.0
com.fortify.sca.BundleControlflowIssues=true
com.fortify.sca.BytecodePreview=true
com.fortify.sca.CollectPerformanceData=true
com.fortify.sca.CustomRulesDir=C:\Program Files\HPE_Security\Fortify_SCA_and_Apps_17.20\Core\config\customrules
com.fortify.sca.DaemonCompilers=com.fortify.sca.util.compilers.GppCompiler,com.fortify.sca.util.compilers.GccCompiler,com.fortify.sca.util.compilers.AppleGppCompiler,com.fortify.sca.util.compilers.AppleGccCompiler,com.fortify.sca.util.compilers.MicrosoftCompiler,com.fortify.sca.util.compilers.MicrosoftLinker,com.fortify.sca.util.compilers.LdCompiler,com.fortify.sca.util.compilers.ArUtil,com.fortify.sca.util.compilers.SunCCompiler,com.fortify.sca.util.compilers.SunCppCompiler,com.fortify.sca.util.compilers.IntelCompiler,com.fortify.sca.util.compilers.ExternalCppAdapter,com.fortify.sca.util.compilers.ClangCompiler
com.fortify.sca.DeadCodeFilter=true
com.fortify.sca.DeadCodeIgnoreTrivialPredicates=true
com.fortify.sca.DefaultAnalyzers=semantic:dataflow:controlflow:nullptr:configuration:content:structural:buffer
com.fortify.sca.DefaultFileTypes=java,rb,jsp,jspx,tag,tagx,tld,sql,cfm,php,phtml,ctp,pks,pkh,pkb,xml,config,Config,settings,properties,dll,exe,winmd,cs,vb,asax,ascx,ashx,asmx,aspx,master,Master,xaml,cshtml,vbhtml,inc,asp,vbscript,js,ini,bas,cls,vbs,frm,ctl,html,htm,xsd,wsdd,xmi,py,cfml,cfc,abap,xhtml,cpx,xcfg,jsff,as,mxml,cbl,cscfg,csdef,wadcfg,appxmanifest,wsdl,plist,bsp,ABAP,BSP,swift,page,trigger,scala
com.fortify.sca.DefaultJarsDirs=default_jars
com.fortify.sca.DefaultRulesDir=C:\Program Files\HPE_Security\Fortify_SCA_and_Apps_17.20\Core\config\rules
com.fortify.sca.DisableDeadCodeElimination=false
com.fortify.sca.DisableFunctionPointers=false
com.fortify.sca.DisableGlobals=false
com.fortify.sca.DisableInferredConstants=false
com.fortify.sca.DotnetDecompiler=C:\Program Files\HPE_Security\Fortify_SCA_and_Apps_17.20\Core/private-bin/sca/dotnet-decompiler.exe
com.fortify.sca.DotnetTranslator=C:\Program Files\HPE_Security\Fortify_SCA_and_Apps_17.20\Core/private-bin/sca/dotnet-translator.exe
com.fortify.sca.EnableInterproceduralConstantResolution=true
com.fortify.sca.EnableNestedWrappers=true
com.fortify.sca.EnableStructuralMatchCache=true
com.fortify.sca.EnableWrapperDetection=true
com.fortify.sca.FVDLDisableDescriptions=false
com.fortify.sca.FVDLDisableProgramData=false
com.fortify.sca.FVDLDisableSnippets=false
com.fortify.sca.FVDLStylesheet=C:\Program Files\HPE_Security\Fortify_SCA_and_Apps_17.20\Core/resources/sca/fvdl2html.xsl
com.fortify.sca.IndirectCallGraphBuilders=WinFormsAdHocFunctionBuilder,VirtualCGBuilder,J2EEIndirectCGBuilder,JNICGBuilder,StoredProcedureResolver,JavaWSCGBuilder,StrutsCGBuilder,DotNetWSCGBuilder,SqlServerSPResolver,ASPCGBuilder,ScriptedCGBuilder,NewJspCustomTagCGBuilder,DotNetCABCGBuilder,StateInjectionCGBuilder,SqlServerSPResolver2,PHPLambdaResolver,JavaWebCGBuilder
com.fortify.sca.JVMArgs=-XX:SoftRefLRUPolicyMSPerMB=3000 -Xmx30923218944 -Xss16M
com.fortify.sca.JavaSourcepathSearch=true
com.fortify.sca.JdkVersion=1.8
com.fortify.sca.LauncherArgs=-64 -autoheap
com.fortify.sca.LogFile=C:\CloudscanWorkdir\7a985fde-97f1-49b1-8550-3a79a51b6ccd\scan.log
com.fortify.sca.LowSeverityCutoff=1.0
com.fortify.sca.MultithreadedAnalysis=true
com.fortify.sca.NoNestedOutTagOutput=org.apache.taglibs.standard.tag.rt.core.RemoveTag,org.apache.taglibs.standard.tag.rt.core.SetTag
com.fortify.sca.OldVbNetExcludeFileTypes=vb,asax,ascx,ashx,asmx,aspx,xaml,cshtml,vbhtml
com.fortify.sca.PID=3288
com.fortify.sca.Phase0HigherOrder.Languages=python,ruby,swift
com.fortify.sca.Phase0HigherOrder.Level=1
com.fortify.sca.PrintPerformanceDataAfterScan=false
com.fortify.sca.ProjectRoot=C:\Windows\system32\config\systemprofile\AppData\Local/Fortify
com.fortify.sca.ProjectRoot=C:\Windows\system32\config\systemprofile\AppData\Local/Fortify
com.fortify.sca.RequireMapKeys=classrule
com.fortify.sca.ResultsFile=C:\CloudscanWorkdir\7a985fde-97f1-49b1-8550-3a79a51b6ccd\scan.fpr
com.fortify.sca.SolverTimeout=15
com.fortify.sca.SqlLanguage=TSQL
com.fortify.sca.SuppressLowSeverity=true
com.fortify.sca.ThreadCount.NameTableLoading=1
com.fortify.sca.TypeInferenceFunctionTimeout=60
com.fortify.sca.TypeInferenceLanguages=javascript,python,ruby
com.fortify.sca.TypeInferencePhase0Timeout=300
com.fortify.sca.UnicodeInputFile=true
com.fortify.sca.UniversalBlacklist=.*yyparse.*
com.fortify.sca.alias.mode.csharp=fs
com.fortify.sca.alias.mode.javascript=fi
com.fortify.sca.alias.mode.swift=fi
com.fortify.sca.alias.mode.vb=fs
com.fortify.sca.analyzer.controlflow.EnableLivenessOptimization=false
com.fortify.sca.analyzer.controlflow.EnableMachineFiltering=false
com.fortify.sca.analyzer.controlflow.EnableRefRuleOptimization=false
com.fortify.sca.analyzer.controlflow.EnableTimeOut=true
com.fortify.sca.compilers.ant=com.fortify.sca.util.compilers.AntAdapter
com.fortify.sca.compilers.ar=com.fortify.sca.util.compilers.ArUtil
com.fortify.sca.compilers.armcc=com.fortify.sca.util.compilers.ArmCcCompiler
com.fortify.sca.compilers.armcpp=com.fortify.sca.util.compilers.ArmCppCompiler
com.fortify.sca.compilers.c++=com.fortify.sca.util.compilers.GppCompiler
com.fortify.sca.compilers.c89=com.fortify.sca.util.compilers.C89Compiler
com.fortify.sca.compilers.cc=com.fortify.sca.util.compilers.GccCompiler
com.fortify.sca.compilers.cl=com.fortify.sca.util.compilers.MicrosoftCompiler
com.fortify.sca.compilers.clearmake=com.fortify.sca.util.compilers.TouchlessCompiler
com.fortify.sca.compilers.devenv=com.fortify.sca.util.compilers.DevenvNetAdapter
com.fortify.sca.compilers.fortify=com.fortify.sca.util.compilers.FortifyCompiler
com.fortify.sca.compilers.g++=com.fortify.sca.util.compilers.GppCompiler
com.fortify.sca.compilers.g++-*=com.fortify.sca.util.compilers.GppCompiler
com.fortify.sca.compilers.g++2*=com.fortify.sca.util.compilers.GppCompiler
com.fortify.sca.compilers.g++3*=com.fortify.sca.util.compilers.GppCompiler
com.fortify.sca.compilers.g++4*=com.fortify.sca.util.compilers.GppCompiler
com.fortify.sca.compilers.gcc=com.fortify.sca.util.compilers.GccCompiler
com.fortify.sca.compilers.gcc-*=com.fortify.sca.util.compilers.GccCompiler
com.fortify.sca.compilers.gcc2*=com.fortify.sca.util.compilers.GccCompiler
com.fortify.sca.compilers.gcc3*=com.fortify.sca.util.compilers.GccCompiler
com.fortify.sca.compilers.gcc4*=com.fortify.sca.util.compilers.GccCompiler
com.fortify.sca.compilers.gmake=com.fortify.sca.util.compilers.TouchlessCompiler
com.fortify.sca.compilers.gradle=com.fortify.sca.util.compilers.GradleAdapter
com.fortify.sca.compilers.gradlew=com.fortify.sca.util.compilers.GradleAdapter
com.fortify.sca.compilers.icc=com.fortify.sca.util.compilers.IntelCompiler
com.fortify.sca.compilers.icl=com.fortify.sca.util.compilers.MicrosoftCompiler
com.fortify.sca.compilers.icpc=com.fortify.sca.util.compilers.IntelCompiler
com.fortify.sca.compilers.jam=com.fortify.sca.util.compilers.TouchlessCompiler
com.fortify.sca.compilers.javac=com.fortify.sca.util.compilers.JavacCompiler
com.fortify.sca.compilers.ld=com.fortify.sca.util.compilers.LdCompiler
com.fortify.sca.compilers.link=com.fortify.sca.util.compilers.MicrosoftLinker
com.fortify.sca.compilers.make=com.fortify.sca.util.compilers.TouchlessCompiler
com.fortify.sca.compilers.msbuild=com.fortify.sca.util.compilers.MSBuildAdapter
com.fortify.sca.compilers.msdev=com.fortify.sca.util.compilers.DevenvAdapter
com.fortify.sca.compilers.mvn=com.fortify.sca.util.compilers.MavenAdapter
com.fortify.sca.compilers.nmake=com.fortify.sca.util.compilers.TouchlessCompiler
com.fortify.sca.compilers.scalac=com.fortify.sca.util.compilers.ScalacCompiler
com.fortify.sca.compilers.tcc=com.fortify.sca.util.compilers.ArmCcCompiler
com.fortify.sca.compilers.tcpp=com.fortify.sca.util.compilers.ArmCppCompiler
com.fortify.sca.compilers.touchless=com.fortify.sca.util.compilers.FortifyCompiler
com.fortify.sca.compilers.xilink=com.fortify.sca.util.compilers.MicrosoftLinker
com.fortify.sca.cpfe.441.command=C:\Program Files\HPE_Security\Fortify_SCA_and_Apps_17.20\Core/private-bin/sca/cpfe441.rfct
com.fortify.sca.cpfe.command=C:\Program Files\HPE_Security\Fortify_SCA_and_Apps_17.20\Core/private-bin/sca/cpfe48.exe
com.fortify.sca.cpfe.file.option=--gen_c_file_name
com.fortify.sca.cpfe.options=--remove_unneeded_entities --suppress_vtbl -tused
com.fortify.sca.cpfe.options=--remove_unneeded_entities --suppress_vtbl -tused
com.fortify.sca.env.exesearchpath=C:\CloudscanWorkdir\7a985fde-97f1-49b1-8550-3a79a51b6ccd;C:\Program Files\HPE_Security\Fortify_SCA_and_Apps_17.20\bin;C:\Program Files (x86)\Common Files\Oracle\Java\javapath;C:\Windows\system32;C:\Windows;C:\Windows\System32\Wbem;C:\Windows\System32\WindowsPowerShell\v1.0\;C:\Program Files (x86)\Symantec\Data Center Security Server\Agent\IPS\bin;C:\Program Files\Java\jdk1.8.0_171\bin;C:\Program Files\Apache Software Foundation\Tomcat 8.5\bin;C:\Program Files\TortoiseGit\bin;C:\Program Files\Git\cmd;
com.fortify.sca.fileextensions.ABAP=ABAP
com.fortify.sca.fileextensions.BSP=ABAP
com.fortify.sca.fileextensions.Config=XML
com.fortify.sca.fileextensions.Master=ASPNET
com.fortify.sca.fileextensions.abap=ABAP
com.fortify.sca.fileextensions.appxmanifest=XML
com.fortify.sca.fileextensions.as=ACTIONSCRIPT
com.fortify.sca.fileextensions.asax=ASPNET
com.fortify.sca.fileextensions.ascx=ASPNET
com.fortify.sca.fileextensions.ashx=ASPNET
com.fortify.sca.fileextensions.asmx=ASPNET
com.fortify.sca.fileextensions.asp=ASP
com.fortify.sca.fileextensions.aspx=ASPNET
com.fortify.sca.fileextensions.bas=VB6
com.fortify.sca.fileextensions.bsp=ABAP
com.fortify.sca.fileextensions.cfc=CFML
com.fortify.sca.fileextensions.cfm=CFML
com.fortify.sca.fileextensions.cfml=CFML
com.fortify.sca.fileextensions.cls=VB6
com.fortify.sca.fileextensions.config=XML
com.fortify.sca.fileextensions.cpx=XML
com.fortify.sca.fileextensions.cs=CSHARP
com.fortify.sca.fileextensions.cscfg=XML
com.fortify.sca.fileextensions.csdef=XML
com.fortify.sca.fileextensions.cshtml=ASPNET
com.fortify.sca.fileextensions.ctl=VB6
com.fortify.sca.fileextensions.ctp=PHP
com.fortify.sca.fileextensions.dll=MSIL
com.fortify.sca.fileextensions.erb=RUBY_ERB
com.fortify.sca.fileextensions.exe=MSIL
com.fortify.sca.fileextensions.faces=JSPX
com.fortify.sca.fileextensions.frm=VB6
com.fortify.sca.fileextensions.htm=HTML
com.fortify.sca.fileextensions.html=HTML
com.fortify.sca.fileextensions.ini=JAVA_PROPERTIES
com.fortify.sca.fileextensions.java=JAVA
com.fortify.sca.fileextensions.js=JAVASCRIPT
com.fortify.sca.fileextensions.jsff=JSPX
com.fortify.sca.fileextensions.jsp=JSP
com.fortify.sca.fileextensions.jspx=JSPX
com.fortify.sca.fileextensions.master=ASPNET
com.fortify.sca.fileextensions.mdl=MSIL
com.fortify.sca.fileextensions.mod=MSIL
com.fortify.sca.fileextensions.mxml=MXML
com.fortify.sca.fileextensions.page=VISUAL_FORCE
com.fortify.sca.fileextensions.php=PHP
com.fortify.sca.fileextensions.phtml=PHP
com.fortify.sca.fileextensions.pkb=PLSQL
com.fortify.sca.fileextensions.pkh=PLSQL
com.fortify.sca.fileextensions.pks=PLSQL
com.fortify.sca.fileextensions.plist=XML
com.fortify.sca.fileextensions.properties=JAVA_PROPERTIES
com.fortify.sca.fileextensions.py=PYTHON
com.fortify.sca.fileextensions.rb=RUBY
com.fortify.sca.fileextensions.scala=SCALA
com.fortify.sca.fileextensions.settings=XML
com.fortify.sca.fileextensions.sql=SQL
com.fortify.sca.fileextensions.swift=SWIFT
com.fortify.sca.fileextensions.tag=JSP
com.fortify.sca.fileextensions.tagx=JSP
com.fortify.sca.fileextensions.tld=TLD
com.fortify.sca.fileextensions.trigger=APEX_TRIGGER
com.fortify.sca.fileextensions.vb=VB
com.fortify.sca.fileextensions.vbhtml=ASPNET
com.fortify.sca.fileextensions.vbs=VBSCRIPT
com.fortify.sca.fileextensions.vbscript=VBSCRIPT
com.fortify.sca.fileextensions.wadcfg=XML
com.fortify.sca.fileextensions.winmd=MSIL
com.fortify.sca.fileextensions.wsdd=XML
com.fortify.sca.fileextensions.wsdl=XML
com.fortify.sca.fileextensions.xaml=ASPNET
com.fortify.sca.fileextensions.xcfg=XML
com.fortify.sca.fileextensions.xhtml=JSPX
com.fortify.sca.fileextensions.xmi=XML
com.fortify.sca.fileextensions.xml=XML
com.fortify.sca.fileextensions.xsd=XML
com.fortify.sca.jsp.UseNativeParser=true
com.fortify.sca.parser.python.ignore.module.1=test.badsyntax_future3
com.fortify.sca.parser.python.ignore.module.2=test.badsyntax_future4
com.fortify.sca.parser.python.ignore.module.3=test.badsyntax_future5
com.fortify.sca.parser.python.ignore.module.4=test.badsyntax_future6
com.fortify.sca.parser.python.ignore.module.5=test.badsyntax_future7
com.fortify.sca.parser.python.ignore.module.6=test.badsyntax_future8
com.fortify.sca.parser.python.ignore.module.7=test.badsyntax_future9
com.fortify.sca.parser.python.ignore.module.8=test.badsyntax_nocaret
com.fortify.sca.skip.libraries.AngularJS=angular.js,angular.min.js,angular-animate.js,angular-aria.js,angular_1_router.js,angular-cookies.js,angular-message-format.js,angular-messages.js,angular-mocks.js,angular-parse-ext.js,angular-resource.js,angular-route.js,angular-sanitize.js,angular-touch.js
com.fortify.sca.skip.libraries.ES6=es6-shim.min.js,system-polyfills.js,shims_for_IE.js
com.fortify.sca.skip.libraries.jQuery=jquery.js,jquery.min.js,jquery-migrate.js,jquery-migrate.min.js,jquery-ui.js,jquery-ui.min.js,jquery.mobile.js,jquery.mobile.min.js,jquery.color.js,jquery.color.min.js,jquery.color.svg-names.js,jquery.color.svg-names.min.js,jquery.color.plus-names.js,jquery.color.plus-names.min.js,jquery.tools.min.js
com.fortify.sca.skip.libraries.javascript=bootstrap.js,bootstrap.min.js
com.fortify.search.defaultSyntaxVer=2
com.sun.management.jmxremote=true
dotnet.install.dir=C:\Windows\Microsoft.NET\Framework64\
dotnet.sdk.v11.install.dir=
dotnet.sdk.v20.install.dir=
dotnet.sdk.v3x.install.dir=
dotnet.v30.referenceAssemblies=
dotnet.v35.referenceAssemblies=
file.encoding=Cp1252
file.encoding.pkg=sun.io
file.separator=\
java.awt.graphicsenv=sun.awt.Win32GraphicsEnvironment
java.awt.headless=true
java.awt.printerjob=sun.awt.windows.WPrinterJob
java.class.path=C:\Program Files\HPE_Security\Fortify_SCA_and_Apps_17.20\Core\lib\exe\sca-exe.jar
java.class.version=52.0
java.endorsed.dirs=C:\Program Files\HPE_Security\Fortify_SCA_and_Apps_17.20\jre\lib\endorsed
java.ext.dirs=C:\Program Files\HPE_Security\Fortify_SCA_and_Apps_17.20\jre\lib\ext;C:\Windows\Sun\Java\lib\ext
java.home=C:\Program Files\HPE_Security\Fortify_SCA_and_Apps_17.20\jre
java.io.tmpdir=C:\Windows\TEMP\
java.library.path=C:\Program Files\HPE_Security\Fortify_SCA_and_Apps_17.20\bin;C:\Windows\Sun\Java\bin;C:\Windows\system32;C:\Windows;C:\Program Files\HPE_Security\Fortify_SCA_and_Apps_17.20\bin;C:\Program Files (x86)\Common Files\Oracle\Java\javapath;C:\Windows\system32;C:\Windows;C:\Windows\System32\Wbem;C:\Windows\System32\WindowsPowerShell\v1.0\;C:\Program Files (x86)\Symantec\Data Center Security Server\Agent\IPS\bin;C:\Program Files\Java\jdk1.8.0_171\bin;C:\Program Files\Apache Software Foundation\Tomcat 8.5\bin;C:\Program Files\TortoiseGit\bin;C:\Program Files\Git\cmd;;.
java.rmi.server.randomIDs=true
java.runtime.name=Java(TM) SE Runtime Environment
java.runtime.version=1.8.0_144-b01
java.specification.name=Java Platform API Specification
java.specification.vendor=Oracle Corporation
java.specification.version=1.8
java.vendor=Oracle Corporation
java.vendor.url=http://java.oracle.com/
java.vendor.url.bug=http://bugreport.sun.com/bugreport/
java.version=1.8.0_144
java.vm.info=mixed mode
java.vm.name=Java HotSpot(TM) 64-Bit Server VM
java.vm.specification.name=Java Virtual Machine Specification
java.vm.specification.vendor=Oracle Corporation
java.vm.specification.version=1.8
java.vm.vendor=Oracle Corporation
java.vm.version=25.144-b01
line.separator=&#xD;

max.file.path.length=255
os.arch=amd64
os.name=Windows Server 2012 R2
os.version=6.3
path.separator=;
stderr.isatty=false
stdout.isatty=false
sun.arch.data.model=64
sun.boot.class.path=C:\Program Files\HPE_Security\Fortify_SCA_and_Apps_17.20\jre\lib\resources.jar;C:\Program Files\HPE_Security\Fortify_SCA_and_Apps_17.20\jre\lib\rt.jar;C:\Program Files\HPE_Security\Fortify_SCA_and_Apps_17.20\jre\lib\sunrsasign.jar;C:\Program Files\HPE_Security\Fortify_SCA_and_Apps_17.20\jre\lib\jsse.jar;C:\Program Files\HPE_Security\Fortify_SCA_and_Apps_17.20\jre\lib\jce.jar;C:\Program Files\HPE_Security\Fortify_SCA_and_Apps_17.20\jre\lib\charsets.jar;C:\Program Files\HPE_Security\Fortify_SCA_and_Apps_17.20\jre\lib\jfr.jar;C:\Program Files\HPE_Security\Fortify_SCA_and_Apps_17.20\jre\classes
sun.boot.library.path=C:\Program Files\HPE_Security\Fortify_SCA_and_Apps_17.20\jre\bin
sun.cpu.endian=little
sun.cpu.isalist=amd64
sun.desktop=windows
sun.io.unicode.encoding=UnicodeLittle
sun.java.command=sourceanalyzer -Djava.awt.headless=true -Dcom.sun.management.jmxremote=true -XX:SoftRefLRUPolicyMSPerMB=3000 -Dwin32.LocalAppdata=C:\Windows\system32\config\systemprofile\AppData\Local -Ddotnet.install.dir=C:\Windows\Microsoft.NET\Framework64\ -Ddotnet.sdk.v11.install.dir= -Ddotnet.sdk.v20.install.dir= -Ddotnet.sdk.v3x.install.dir= -Ddotnet.v30.referenceAssemblies= -Ddotnet.v35.referenceAssemblies= -Dcom.fortify.sca.env.exesearchpath=C:\CloudscanWorkdir\7a985fde-97f1-49b1-8550-3a79a51b6ccd;C:\Program Files\HPE_Security\Fortify_SCA_and_Apps_17.20\bin;C:\Program Files (x86)\Common Files\Oracle\Java\javapath;C:\Windows\system32;C:\Windows;C:\Windows\System32\Wbem;C:\Windows\System32\WindowsPowerShell\v1.0\;C:\Program Files (x86)\Symantec\Data Center Security Server\Agent\IPS\bin;C:\Program Files\Java\jdk1.8.0_171\bin;C:\Program Files\Apache Software Foundation\Tomcat 8.5\bin;C:\Program Files\TortoiseGit\bin;C:\Program Files\Git\cmd; -Dcom.fortify.sca.ProjectRoot=C:\Windows\system32\config\systemprofile\AppData\Local/Fortify -Dstdout.isatty=false -Dstderr.isatty=false -Dcom.fortify.sca.PID=3288 -Xmx30923218944 -Dcom.fortify.TotalPhysicalMemory=34359132160 -Xss16M -Dcom.fortify.sca.JVMArgs=-XX:SoftRefLRUPolicyMSPerMB=3000 -Xmx30923218944 -Xss16M -Dcom.fortify.sca.LauncherArgs=-64 -autoheap -Djava.class.path=C:\Program Files\HPE_Security\Fortify_SCA_and_Apps_17.20\Core\lib\exe\sca-exe.jar -b SC_SB_RfqCreate -f C:\CloudscanWorkdir\7a985fde-97f1-49b1-8550-3a79a51b6ccd\scan.fpr -logfile C:\CloudscanWorkdir\7a985fde-97f1-49b1-8550-3a79a51b6ccd\scan.log -scan -build-label Xmx2G -build-project HC-SCM-SC_SB_RfqCreate -build-version 1.0
sun.jnu.encoding=Cp1252
sun.management.compiler=HotSpot 64-Bit Tiered Compilers
sun.os.patch.level=
user.country=IN
user.dir=C:\CloudscanWorkdir\7a985fde-97f1-49b1-8550-3a79a51b6ccd
user.home=C:\Windows\system32\config\systemprofile
user.language=en
user.name=SJDCFORTIFY10$
user.script=
user.timezone=Asia/Calcutta
user.variant=
win32.LocalAppdata=C:\Windows\system32\config\systemprofile\AppData\Local
</Text>
        </SubSection>
        <SubSection enabled="true">
            <Title>Commandline Arguments</Title>
            <Description>A listing of all arguments passed to SCA during the analysis phase</Description>
            <Text>-b
SC_SB_RfqCreate
-f
C:\CloudscanWorkdir\7a985fde-97f1-49b1-8550-3a79a51b6ccd\scan.fpr
-logfile
C:\CloudscanWorkdir\7a985fde-97f1-49b1-8550-3a79a51b6ccd\scan.log
-scan
-build-label
Xmx2G
-build-project
HC-SCM-SC_SB_RfqCreate
-build-version
1.0
</Text>
        </SubSection>
        <SubSection enabled="true">
            <Title>Warnings</Title>
            <Description>A listing of all warnings that occurred during the scan, during both translation and analysis phase</Description>
            <Text>[12003] Assuming Java source level to be 1.8 as it was not specified. Note that the default value may change in future versions.
[12019] The following references to Java functions could not be resolved. These functions may be part of classes that could not be found, or there may be a type error at the call site of the given function relative to the function declaration. Please ensure the Java source code can be compiled by a Java compiler. 
	int.collect
	int.map
	int.license
	int.apis
	com.ril.source.util.ResponseData.setErrorDesc
	run
	int.version
	int.getDefaultMessage
	int.stream
	org.springframework.http.ResponseEntity&lt;com.ril.source.util.ResponseData&gt;.init^
	org.springframework.web.bind.MethodArgumentNotValidException.getLocalizedMessage
	springfox.documentation.spring.web.plugins.Docket.init^
	basePackage
	org.springframework.http.ResponseEntity&lt;java.lang.Object&gt;.init^
	springfox.documentation.builders.ApiInfoBuilder.init^
	springfox.documentation.builders.ApiInfoBuilder.title
	int.build
	int.pathMapping
	org.springframework.web.bind.MethodArgumentNotValidException.getBindingResult
	com.ril.source.util.ResponseData.setMessage
	int.description
	int.select
	int.getFieldError
	int.getFieldErrors
	springfox.documentation.spring.web.plugins.Docket.apiInfo
	org.springframework.web.servlet.mvc.method.annotation.ResponseEntityExceptionHandler.init^

[1202] Unable to resolve symbol 'SpringApplication' at (/app/data/jenkins/workspace/SupplyChainMgmt/Sourcing/springboot/SC_SB_RfqCreate/HPFortifyScan/src/main/java/com/ril/source/SourceApplication.java:8:3)
[1202] Unable to resolve symbol 'DocumentationType' at (/app/data/jenkins/workspace/SupplyChainMgmt/Sourcing/springboot/SC_SB_RfqCreate/HPFortifyScan/src/main/java/com/ril/source/config/SwaggerConfiguration.java:31:39)
[1202] Unable to resolve symbol 'RequestHandlerSelectors' at (/app/data/jenkins/workspace/SupplyChainMgmt/Sourcing/springboot/SC_SB_RfqCreate/HPFortifyScan/src/main/java/com/ril/source/config/SwaggerConfiguration.java:32:17)
[1202] Unable to resolve symbol 'HttpStatus' at (/app/data/jenkins/workspace/SupplyChainMgmt/Sourcing/springboot/SC_SB_RfqCreate/HPFortifyScan/src/main/java/com/ril/source/exceptionHandler/CustomizedResponseEntityExceptionHandler.java:34:16)
[1202] Unable to resolve symbol 'GenerationType' at (/app/data/jenkins/workspace/SupplyChainMgmt/Sourcing/springboot/SC_SB_RfqCreate/HPFortifyScan/src/main/java/com/ril/source/model/PlanDetails.java:14:44)
[1202] Unable to resolve symbol 'CascadeType' at (/app/data/jenkins/workspace/SupplyChainMgmt/Sourcing/springboot/SC_SB_RfqCreate/HPFortifyScan/src/main/java/com/ril/source/model/PlanHeader.java:58:35)
[1202] Unable to resolve symbol 'Include' at (/app/data/jenkins/workspace/SupplyChainMgmt/Sourcing/springboot/SC_SB_RfqCreate/HPFortifyScan/src/main/java/com/ril/source/util/ResponseData.java:10:22)
[1212] Unable to resolve function 'run' at (/app/data/jenkins/workspace/SupplyChainMgmt/Sourcing/springboot/SC_SB_RfqCreate/HPFortifyScan/src/main/java/com/ril/source/SourceApplication.java:8:21)
[1212] Unable to resolve function 'springfox.documentation.builders.ApiInfoBuilder.init^' at (/app/data/jenkins/workspace/SupplyChainMgmt/Sourcing/springboot/SC_SB_RfqCreate/HPFortifyScan/src/main/java/com/ril/source/config/SwaggerConfiguration.java:24:10)
[1212] Unable to resolve function 'springfox.documentation.builders.ApiInfoBuilder.title' at (/app/data/jenkins/workspace/SupplyChainMgmt/Sourcing/springboot/SC_SB_RfqCreate/HPFortifyScan/src/main/java/com/ril/source/config/SwaggerConfiguration.java:24:31)
[1212] Unable to resolve function 'int.description' at (/app/data/jenkins/workspace/SupplyChainMgmt/Sourcing/springboot/SC_SB_RfqCreate/HPFortifyScan/src/main/java/com/ril/source/config/SwaggerConfiguration.java:24:50)
[1212] Unable to resolve function 'int.license' at (/app/data/jenkins/workspace/SupplyChainMgmt/Sourcing/springboot/SC_SB_RfqCreate/HPFortifyScan/src/main/java/com/ril/source/config/SwaggerConfiguration.java:24:81)
[1212] Unable to resolve function 'int.version' at (/app/data/jenkins/workspace/SupplyChainMgmt/Sourcing/springboot/SC_SB_RfqCreate/HPFortifyScan/src/main/java/com/ril/source/config/SwaggerConfiguration.java:25:12)
[1212] Unable to resolve function 'int.build' at (/app/data/jenkins/workspace/SupplyChainMgmt/Sourcing/springboot/SC_SB_RfqCreate/HPFortifyScan/src/main/java/com/ril/source/config/SwaggerConfiguration.java:25:35)
[1212] Unable to resolve function 'springfox.documentation.spring.web.plugins.Docket.init^' at (/app/data/jenkins/workspace/SupplyChainMgmt/Sourcing/springboot/SC_SB_RfqCreate/HPFortifyScan/src/main/java/com/ril/source/config/SwaggerConfiguration.java:31:10)
[1212] Unable to resolve function 'basePackage' at (/app/data/jenkins/workspace/SupplyChainMgmt/Sourcing/springboot/SC_SB_RfqCreate/HPFortifyScan/src/main/java/com/ril/source/config/SwaggerConfiguration.java:32:41)
[1212] Unable to resolve function 'springfox.documentation.spring.web.plugins.Docket.apiInfo' at (/app/data/jenkins/workspace/SupplyChainMgmt/Sourcing/springboot/SC_SB_RfqCreate/HPFortifyScan/src/main/java/com/ril/source/config/SwaggerConfiguration.java:31:50)
[1212] Unable to resolve function 'int.pathMapping' at (/app/data/jenkins/workspace/SupplyChainMgmt/Sourcing/springboot/SC_SB_RfqCreate/HPFortifyScan/src/main/java/com/ril/source/config/SwaggerConfiguration.java:31:69)
[1212] Unable to resolve function 'int.select' at (/app/data/jenkins/workspace/SupplyChainMgmt/Sourcing/springboot/SC_SB_RfqCreate/HPFortifyScan/src/main/java/com/ril/source/config/SwaggerConfiguration.java:31:86)
[1212] Unable to resolve function 'int.apis' at (/app/data/jenkins/workspace/SupplyChainMgmt/Sourcing/springboot/SC_SB_RfqCreate/HPFortifyScan/src/main/java/com/ril/source/config/SwaggerConfiguration.java:32:12)
[1212] Unable to resolve function 'int.build' at (/app/data/jenkins/workspace/SupplyChainMgmt/Sourcing/springboot/SC_SB_RfqCreate/HPFortifyScan/src/main/java/com/ril/source/config/SwaggerConfiguration.java:34:12)
[1212] Unable to resolve function 'org.springframework.http.ResponseEntity&lt;java.lang.Object&gt;.init^' at (/app/data/jenkins/workspace/SupplyChainMgmt/Sourcing/springboot/SC_SB_RfqCreate/HPFortifyScan/src/main/java/com/ril/source/exceptionHandler/CustomizedResponseEntityExceptionHandler.java:33:10)
[1212] Unable to resolve function 'org.springframework.http.ResponseEntity&lt;com.ril.source.util.ResponseData&gt;.init^' at (/app/data/jenkins/workspace/SupplyChainMgmt/Sourcing/springboot/SC_SB_RfqCreate/HPFortifyScan/src/main/java/com/ril/source/exceptionHandler/CustomizedResponseEntityExceptionHandler.java:43:10)
[1212] Unable to resolve function 'org.springframework.web.bind.MethodArgumentNotValidException.getBindingResult' at (/app/data/jenkins/workspace/SupplyChainMgmt/Sourcing/springboot/SC_SB_RfqCreate/HPFortifyScan/src/main/java/com/ril/source/exceptionHandler/CustomizedResponseEntityExceptionHandler.java:54:8)
[1212] Unable to resolve function 'int.getFieldError' at (/app/data/jenkins/workspace/SupplyChainMgmt/Sourcing/springboot/SC_SB_RfqCreate/HPFortifyScan/src/main/java/com/ril/source/exceptionHandler/CustomizedResponseEntityExceptionHandler.java:54:27)
[1212] Unable to resolve function 'int.getDefaultMessage' at (/app/data/jenkins/workspace/SupplyChainMgmt/Sourcing/springboot/SC_SB_RfqCreate/HPFortifyScan/src/main/java/com/ril/source/exceptionHandler/CustomizedResponseEntityExceptionHandler.java:54:43)
[1212] Unable to resolve function 'com.ril.source.util.ResponseData.setMessage' at (/app/data/jenkins/workspace/SupplyChainMgmt/Sourcing/springboot/SC_SB_RfqCreate/HPFortifyScan/src/main/java/com/ril/source/exceptionHandler/CustomizedResponseEntityExceptionHandler.java:53:16)
[1212] Unable to resolve function 'org.springframework.web.bind.MethodArgumentNotValidException.getBindingResult' at (/app/data/jenkins/workspace/SupplyChainMgmt/Sourcing/springboot/SC_SB_RfqCreate/HPFortifyScan/src/main/java/com/ril/source/exceptionHandler/CustomizedResponseEntityExceptionHandler.java:55:27)
[1212] Unable to resolve function 'int.getFieldErrors' at (/app/data/jenkins/workspace/SupplyChainMgmt/Sourcing/springboot/SC_SB_RfqCreate/HPFortifyScan/src/main/java/com/ril/source/exceptionHandler/CustomizedResponseEntityExceptionHandler.java:55:46)
[1212] Unable to resolve function 'int.stream' at (/app/data/jenkins/workspace/SupplyChainMgmt/Sourcing/springboot/SC_SB_RfqCreate/HPFortifyScan/src/main/java/com/ril/source/exceptionHandler/CustomizedResponseEntityExceptionHandler.java:55:63)
[1212] Unable to resolve function 'int.map' at (/app/data/jenkins/workspace/SupplyChainMgmt/Sourcing/springboot/SC_SB_RfqCreate/HPFortifyScan/src/main/java/com/ril/source/exceptionHandler/CustomizedResponseEntityExceptionHandler.java:56:6)
[1212] Unable to resolve function 'int.collect' at (/app/data/jenkins/workspace/SupplyChainMgmt/Sourcing/springboot/SC_SB_RfqCreate/HPFortifyScan/src/main/java/com/ril/source/exceptionHandler/CustomizedResponseEntityExceptionHandler.java:57:6)
[1212] Unable to resolve function 'org.springframework.web.bind.MethodArgumentNotValidException.getLocalizedMessage' at (/app/data/jenkins/workspace/SupplyChainMgmt/Sourcing/springboot/SC_SB_RfqCreate/HPFortifyScan/src/main/java/com/ril/source/exceptionHandler/CustomizedResponseEntityExceptionHandler.java:58:32)
[1212] Unable to resolve function 'com.ril.source.util.ResponseData.setErrorDesc' at (/app/data/jenkins/workspace/SupplyChainMgmt/Sourcing/springboot/SC_SB_RfqCreate/HPFortifyScan/src/main/java/com/ril/source/exceptionHandler/CustomizedResponseEntityExceptionHandler.java:58:16)
[1212] Unable to resolve function 'org.springframework.http.ResponseEntity&lt;java.lang.Object&gt;.init^' at (/app/data/jenkins/workspace/SupplyChainMgmt/Sourcing/springboot/SC_SB_RfqCreate/HPFortifyScan/src/main/java/com/ril/source/exceptionHandler/CustomizedResponseEntityExceptionHandler.java:60:10)
[1212] Unable to resolve function 'org.springframework.web.servlet.mvc.method.annotation.ResponseEntityExceptionHandler.init^' at (/app/data/jenkins/workspace/SupplyChainMgmt/Sourcing/springboot/SC_SB_RfqCreate/HPFortifyScan/src/main/java/com/ril/source/exceptionHandler/CustomizedResponseEntityExceptionHandler.java:23:35)
[1212] Unable to resolve function 'org.springframework.http.ResponseEntity&lt;com.ril.source.util.ResponseData&gt;.init^' at (/app/data/jenkins/workspace/SupplyChainMgmt/Sourcing/springboot/SC_SB_RfqCreate/HPFortifyScan/src/main/java/com/ril/source/sourceController/SourceController.java:74:10)
[1212] Unable to resolve function 'org.springframework.http.ResponseEntity&lt;com.ril.source.util.ResponseData&gt;.init^' at (/app/data/jenkins/workspace/SupplyChainMgmt/Sourcing/springboot/SC_SB_RfqCreate/HPFortifyScan/src/main/java/com/ril/source/sourceController/SourceController.java:108:10)
[1212] Unable to resolve function 'org.springframework.http.ResponseEntity&lt;com.ril.source.util.ResponseData&gt;.init^' at (/app/data/jenkins/workspace/SupplyChainMgmt/Sourcing/springboot/SC_SB_RfqCreate/HPFortifyScan/src/main/java/com/ril/source/sourceController/SourceController.java:148:10)
[1212] Unable to resolve function 'org.springframework.http.ResponseEntity&lt;com.ril.source.util.ResponseData&gt;.init^' at (/app/data/jenkins/workspace/SupplyChainMgmt/Sourcing/springboot/SC_SB_RfqCreate/HPFortifyScan/src/main/java/com/ril/source/sourceController/SourceController.java:200:10)
[1213] Unable to resolve field 'SWAGGER_2' at (/app/data/jenkins/workspace/SupplyChainMgmt/Sourcing/springboot/SC_SB_RfqCreate/HPFortifyScan/src/main/java/com/ril/source/config/SwaggerConfiguration.java:31:39)
[1213] Unable to resolve field 'INTERNAL_SERVER_ERROR' at (/app/data/jenkins/workspace/SupplyChainMgmt/Sourcing/springboot/SC_SB_RfqCreate/HPFortifyScan/src/main/java/com/ril/source/exceptionHandler/CustomizedResponseEntityExceptionHandler.java:34:16)
[1213] Unable to resolve field 'BAD_REQUEST' at (/app/data/jenkins/workspace/SupplyChainMgmt/Sourcing/springboot/SC_SB_RfqCreate/HPFortifyScan/src/main/java/com/ril/source/exceptionHandler/CustomizedResponseEntityExceptionHandler.java:44:16)
[1213] Unable to resolve field 'IDENTITY' at (/app/data/jenkins/workspace/SupplyChainMgmt/Sourcing/springboot/SC_SB_RfqCreate/HPFortifyScan/src/main/java/com/ril/source/model/PlanDetails.java:14:44)
[1213] Unable to resolve field 'ALL' at (/app/data/jenkins/workspace/SupplyChainMgmt/Sourcing/springboot/SC_SB_RfqCreate/HPFortifyScan/src/main/java/com/ril/source/model/PlanHeader.java:58:35)
[1213] Unable to resolve field 'OK' at (/app/data/jenkins/workspace/SupplyChainMgmt/Sourcing/springboot/SC_SB_RfqCreate/HPFortifyScan/src/main/java/com/ril/source/sourceController/SourceController.java:74:68)
[1213] Unable to resolve field 'NON_NULL' at (/app/data/jenkins/workspace/SupplyChainMgmt/Sourcing/springboot/SC_SB_RfqCreate/HPFortifyScan/src/main/java/com/ril/source/util/ResponseData.java:10:22)
[1216] Unable to locate a class for import org.springframework.web.servlet.mvc.method.annotation.ResponseEntityExceptionHandler
[1216] Unable to locate a class for import org.springframework.data.jpa.repository.JpaRepository
[1216] Unable to locate a class for import org.springframework.boot.autoconfigure.SpringBootApplication
[1216] Unable to locate a class for import org.springframework.context.annotation.Configuration
[1216] Unable to locate a class for import springfox.documentation.swagger2.annotations.EnableSwagger2
[1216] Unable to locate a class for import springfox.documentation.service.ApiInfo
[1216] Unable to locate a class for import springfox.documentation.builders.ApiInfoBuilder
[1216] Unable to locate a class for import springfox.documentation.spring.web.plugins.Docket
[1216] Unable to locate a class for import org.springframework.context.annotation.Bean
[1216] Unable to locate a class for import org.springframework.web.bind.annotation.ControllerAdvice
[1216] Unable to locate a class for import org.springframework.stereotype.Component
[1216] Unable to locate a class for import org.springframework.http.ResponseEntity
[1216] Unable to locate a class for import org.springframework.web.context.request.WebRequest
[1216] Unable to locate a class for import org.springframework.web.bind.annotation.ExceptionHandler
[1216] Unable to locate a class for import org.springframework.web.bind.MethodArgumentNotValidException
[1216] Unable to locate a class for import org.springframework.http.HttpHeaders
[1216] Unable to locate a class for import org.springframework.http.HttpStatus
[1216] Unable to locate a class for import javax.persistence.Entity
[1216] Unable to locate a class for import javax.persistence.Table
[1216] Unable to locate a class for import javax.persistence.Id
[1216] Unable to locate a class for import com.fasterxml.jackson.annotation.JsonIgnore
[1216] Unable to locate a class for import javax.persistence.Column
[1216] Unable to locate a class for import javax.persistence.GeneratedValue
[1216] Unable to locate a class for import javax.persistence.EntityListeners
[1216] Unable to locate a class for import org.springframework.data.jpa.domain.support.AuditingEntityListener
[1216] Unable to locate a class for import javax.persistence.OneToMany
[1216] Unable to locate a class for import javax.persistence.JoinColumn
[1216] Unable to locate a class for import org.springframework.stereotype.Repository
[1216] Unable to locate a class for import org.springframework.data.jpa.repository.Query
[1216] Unable to locate a class for import org.springframework.stereotype.Service
[1216] Unable to locate a class for import javax.persistence.EntityManager
[1216] Unable to locate a class for import javax.persistence.PersistenceContext
[1216] Unable to locate a class for import org.springframework.web.bind.annotation.RestController
[1216] Unable to locate a class for import io.swagger.annotations.Api
[1216] Unable to locate a class for import org.springframework.web.bind.annotation.CrossOrigin
[1216] Unable to locate a class for import org.springframework.validation.annotation.Validated
[1216] Unable to locate a class for import org.springframework.cloud.context.config.annotation.RefreshScope
[1216] Unable to locate a class for import org.springframework.beans.factory.annotation.Autowired
[1216] Unable to locate a class for import org.springframework.web.bind.annotation.RequestParam
[1216] Unable to locate a class for import org.springframework.web.bind.annotation.GetMapping
[1216] Unable to locate a class for import io.swagger.annotations.ApiOperation
[1216] Unable to locate a class for import com.fasterxml.jackson.annotation.JsonInclude
[1216] Unable to locate a class for import com.fasterxml.jackson.annotation.JsonProperty
[1216] Unable to locate a class for import org.springframework.boot.SpringApplication
[1216] Unable to locate a class for import springfox.documentation.spi.DocumentationType
[1216] Unable to locate a class for import springfox.documentation.builders.RequestHandlerSelectors
[1216] Unable to locate a class for import javax.persistence.GenerationType
[1216] Unable to locate a class for import javax.persistence.CascadeType
[1216] Unable to locate a class for import com.fasterxml.jackson.annotation.JsonInclude.Include</Text>
        </SubSection>
    </ReportSection>
    <ReportSection enabled="true" optionalSubsections="false">
        <Title>Issue Count by Category</Title>
        <SubSection enabled="true">
            <Title>Issues By Category</Title>
            <IssueListing listing="false" limit="-1">
                <Refinement></Refinement>
                <Chart chartType="table">
                    <Axis>Category</Axis>
                    <MajorAttribute>Analysis</MajorAttribute>
                    <GroupingSection count="3">
                        <groupTitle>Poor Logging Practice: Use of a System Output Stream</groupTitle>
                    </GroupingSection>
                    <GroupingSection count="1">
                        <groupTitle>Build Misconfiguration: External Maven Dependency Repository</groupTitle>
                    </GroupingSection>
                    <GroupingSection count="1">
                        <groupTitle>Dead Code: Unused Field</groupTitle>
                    </GroupingSection>
                    <GroupingSection count="1">
                        <groupTitle>Dead Code: Unused Method</groupTitle>
                    </GroupingSection>
                    <GroupingSection count="1">
                        <groupTitle>Dynamic Code Evaluation: Unsafe Deserialization</groupTitle>
                    </GroupingSection>
                    <GroupingSection count="1">
                        <groupTitle>J2EE Bad Practices: Leftover Debug Code</groupTitle>
                    </GroupingSection>
                    <GroupingSection count="1">
                        <groupTitle>Password Management: Password in Configuration File</groupTitle>
                    </GroupingSection>
                    <GroupingSection count="1">
                        <groupTitle>Poor Error Handling: Overly Broad Throws</groupTitle>
                    </GroupingSection>
                    <GroupingSection count="1">
                        <groupTitle>System Information Leak: Spring Boot Actuators Enabled</groupTitle>
                    </GroupingSection>
                </Chart>
            </IssueListing>
        </SubSection>
    </ReportSection>
    <ReportSection enabled="true" optionalSubsections="false">
        <Title>Issue Breakdown by Analysis</Title>
        <SubSection enabled="true">
            <Title>Issue by Analysis</Title>
            <IssueListing listing="false" limit="-1">
                <Refinement></Refinement>
                <Chart chartType="pie">
                    <Axis>Analysis</Axis>
                    <MajorAttribute>Analysis</MajorAttribute>
                    <GroupingSection count="11">
                        <groupTitle>&lt;none&gt;</groupTitle>
                    </GroupingSection>
                </Chart>
            </IssueListing>
        </SubSection>
    </ReportSection>
    <ReportSection enabled="false" optionalSubsections="false">
        <Title>New Issues</Title>
        <SubSection enabled="true">
            <Title>New Issues</Title>
            <Description>A list of issues discovered since the previous analysis.</Description>
            <Text>The following issues have been discovered since the last scan.</Text>
            <IssueListing listing="false" limit="-1">
                <Refinement></Refinement>
                <Chart chartType="pie">
                    <Axis>New Issue</Axis>
                    <MajorAttribute>Analysis</MajorAttribute>
                    <GroupingSection count="1">
                        <groupTitle>Issue Updated: Nov 4, 2019</groupTitle>
                    </GroupingSection>
                    <GroupingSection count="10">
                        <groupTitle>Issue New: Nov 4, 2019</groupTitle>
                    </GroupingSection>
                </Chart>
            </IssueListing>
        </SubSection>
    </ReportSection>
</ReportDefinition>
